names,sex
Aaron_Eckhart,male
Henry_Ian_Cusick,male
Jonathan_Taylor_Thomas,male
Kate_Micucci,female
Terrence_Howard,male
Jack_McBrayer,male
Darren_Criss,male
Katey_Sagal,female
Reginald_VelJohnson,male
Zachary_Levi,male
Garret_Dillahunt,male
Jason_Sudeikis,male
Adam_Scott,male
Gore_Verbinski,male
Elias_Koteas,male
Tress_MacNeille,female
Bai_Ling,female
Melora_Hardin,female
Scott_Foley,male
Samantha_Barks,female
Meghan_Markle,female
Yunjin_Kim,female
Irina_Shayk,female
Clark_Duke,male
Kathleen_Robertson,female
Pam_Dawber,female
Gal_Gadot,female
Alexandra_Daddario,female
William_Katt,male
Kristin_Chenoweth,female
Ed_Helms,male
Laura_Prepon,female
Sarah_Jessica_Parker,female
Jaime_King,female
Katee_Sackhoff,female
Miranda_Kerr,female
Laura_Vandervoort,female
Melissa_Joan_Hart,female
Owen_Wilson,male
Famke_Janssen,female
Lena_Olin,female
Mario_Lopez,male
Danielle_Bisutti,female
Treat_Williams,male
Vanessa_Williams,female
Orlando_Bloom,male
Christina_Aguilera,female
Bridget_Fonda,female
Julia_Louis-Dreyfus,female
Kathy_Najimy,female
Rufus_Sewell,male
Alexis_Denisof,male
Ellie_Kemper,female
Liam_Cunningham,male
Fairuza_Balk,female
Wentworth_Miller,male
Julian_Assange,male
Sarah_Silverman,female
Tom_Cruise,male
Gabriel_Mann,male
Oscar_Isaac,male
Rooney_Mara,female
Cobie_Smulders,female
Dougray_Scott,male
Nicole_Eggert,female
America_Ferrera,female
Kevin_Nash,male
Laura_Dern,female
Graham_Greene,male
Lindsey_Shaw,female
Holly_Marie_Combs,female
Alicia_Witt,female
Shannen_Doherty,female
Jessica_Hecht,female
Joey_Lauren_Adams,female
Steven_Anthony_Lawrence,male
Vin_Diesel,male
Laura_Morante,female
Stacey_Dash,female
Kathryn_Bigelow,female
Michael_O'Keefe,male
Emun_Elliott,male
Ming-Na_Wen,female
Kirsten_Dunst,female
Olivier_Martinez,male
Gabriella_Wilde,female
Bree_Turner,female
Mena_Suvari,female
Isabelle_Adjani,female
Amanda_Bynes,female
Guillermo_del_Toro,male
Harold_Perrineau,male
Alec_Baldwin,male
Zoë_Kravitz,female
Mackenzie_Rosman,female
Colton_Haynes,male
Nancy_Cartwright,female
Shay_Mitchell,female
Missi_Pyle,female
Mae_Whitman,female
Indiana_Evans,female
Mara_Wilson,female
Chris_Pratt,male
Simon_Cowell,male
Juliette_Lewis,female
Dolph_Lundgren,male
Grace_Park,female
Kenneth_Branagh,male
Miranda_Richardson,female
Keegan_Allen,male
Sarah_Roemer,female
Amber_Valletta,female
Joseph_Morgan,male
Peter_Gallagher,male
Jennifer_Jason_Leigh,female
Mischa_Barton,female
Eugenio_Derbez,male
Eric_Stoltz,male
Dexter_Fletcher,male
Michael_Rooker,male
Julianne_Moore,male
Michelle_Rodriguez,female
Embeth_Davidtz,female
Tia_Mowry-Hardrict,female
Ethan_Hawke,male
Clive_Barker,male
Michelle_Pfeiffer,female
Andrew_Garfield,male
Lena_Dunham,female
William_Moseley,male
James_Marsters,male
Kate_Walsh,female
Aaron_Tveit,male
Damian_Lewis,male
Neil_Flynn,male
Lily_Rabe,female
Tania_Raymonde,female
Haley_Bennett,female
Lauren_Holly,female
David_Spade,male
Theresa_Russell,female
Jason_Patric,male
Katherine_Moennig,female
Sarah_Douglas,female
Kellan_Lutz,male
Renée_Zellweger,female
Amy_Acker,female
Rupert_Grint,male
Nicole_Kidman,female
Alia_Shawkat,female
Armie_Hammer,male
Odette_Annable,female
Vinnie_Jones,male
Luke_Evans,male
Yun-Fat_Chow,male
Russell_Crowe,male
Ian_Somerhalder,male
Brian_Austin_Green,male
Lou_Diamond_Phillips,male
Tara_Reid,female
Danny_McBride,male
Georgina_Verbaan,female
Mädchen_Amick,female
Jon_Cryer,male
Tony_Danza,male
David_Tennant,male
Matthew_Perry,male
Agnes_Bruckner,female
Alan_Ritchson,male
Jeff_Goldblum,male
Taylor_Swift,female
Tim_Robbins,male
Brendan_Fraser,male
John_Cusack,male
Michael_Jackson,male
Katharine_McPhee,female
Tara_Strong,female
James_Frain,male
Joel_Coen,male
Pamela_Adlon,female
Sharon_Stone,female
Simon_Pegg,male
Michael_Stuhlbarg,male
Keegan_Connor_Tracy,female
Michael_Sheen,male
April_Bowlby,female
Sophie_Marceau,female
Penélope_Cruz,female
Eliza_Dushku,female
Catherine_Keener,female
Zuleikha_Robinson,female
Nicholas_Hoult,male
Patrick_Wilson,male
Rachel_Hurd-Wood,female
Julie_Bowen,female
Michelle_Dockery,female
Jon_Bernthal,male
John_Hannah,male
Butch_Patrick,male
Catherine_O'Hara,female
Spencer_Grammer,female
Kelly_Hu,female
Rachel_McAdams,female
Rainn_Wilson,male
Kal_Penn,male
Jamey_Sheridan,male
Melanie_Lynskey,female
Luke_Perry,male
Lucas_Till,male
David_Hyde_Pierce,male
Tim_Roth,male
Fran_Drescher,female
Jennifer_Aniston,female
Laurie_Metcalf,female
Emily_Rios,female
Mel_Gibson,male
Bonnie_Hunt,female
Adam_Arkin,male
Ryan_Eggold,male
Jonathan_Lipnicki,male
Angela_Cartwright,female
Keith_David,male
Alicia_Silverstone,female
Hope_Davis,female
Hilary_Duff,female
Katrina_Bowden,female
Caroline_Goodall,female
Robert_Patrick,male
Miguel_Ferrer,male
Aly_Michalka,female
Vera_Farmiga,female
Chris_Evans,male
Spencer_Treat_Clark,male
Shannon_Tweed,female
Serinda_Swan,female
Devon_Sawa,male
Linda_Hamilton,female
Jason_Alexander,male
Megan_Boone,female
Timothy_Busfield,male
Anne_Hathaway,female
Val_Kilmer,male
Tom_Sizemore,male
Linda_Blair,female
Rob_Corddry,male
Alexandra_Paul,female
Ellen_Greene,female
George_Clooney,male
Kunal_Nayyar,male
Laura_Bell_Bundy,female
Ben_Whishaw,male
James_Spader,male
Marc_Blucas,male
Sacha_Baron_Cohen,male
Karen_Allen,female
Bill_Mumy,male
Kate_Bosworth,female
Natasha_Henstridge,female
Sofia_Coppola,female
Naomi_Watts,female
Nicollette_Sheridan,female
Jack_Black,male
Tommy_Wiseau,male
Denzel_Washington,male
Monica_Potter,female
Jennifer_Morrison,female
Georgina_Cates,female
Michael_Keaton,male
Gemma_Arterton,female
Benicio_Del_Toro,male
Stephanie_Zimbalist,female
Carly_Schroeder,female
Teresa_Palmer,female
Lauren_German,female
Dawn_French,female
Guy_Pearce,male
Judge_Reinhold,male
Calista_Flockhart,female
Natalie_Dormer,female
Christina_Ricci,female
Simonetta_Stefanelli,female
Jemima_Rooper,female
Chris_Penn,male
Lauren_Graham,female
Katherine_LaNasa,female
Dinah_Manoff,female
Denise_Richards,female
Whoopi_Goldberg,female
Desmond_Harrington,male
Kelly_McGillis,female
Jeff_Fahey,male
Til_Schweiger,male
Wilson_Bethel,male
Jane_Kaczmarek,female
Bo_Derek,female
Eva_Mendes,female
Aaron_Sorkin,male
Jason_Statham,male
Brittany_Snow,female
Taryn_Manning,female
Jerry_O'Connell,male
Johnny_Depp,male
Leslie_Bibb,female
Chelsea_Field,female
Nicolas_Cage,male
Mary_McCormack,female
Kimberly_J._Brown,male
Jenny_McCarthy,female
Natasha_Lyonne,female
Bianca_Kajlich,female
Jennifer_Lopez,female
Alanna_Ubach,female
Courtney_Thorne-Smith,female
Peter_Capaldi,male
Timothy_Spall,male
Jake_Abel,male
Sarah_Clarke,female
Laurence_Fishburne,male
Melissa_Rauch,female
Clancy_Brown,male
Alexa_Vega,female
Kay_Panabaker,female
Hugo_Weaving,male
Bobby_Cannavale,male
Sarah_Wayne_Callies,female
Craig_Sheffer,male
Will_Patton,male
Gillian_Anderson,female
Kate_Winslet,female
Stuart_Townsend,male
Laurie_Holden,female
Seann_William_Scott,male
Michelle_Borth,female
Robert_Rodriguez,male
Alan_Cumming,male
Michael_Weatherly,male
David_Duchovny,male
Rosanna_Arquette,female
Christian_Slater,male
Lucy_Hale,female
Patrick_Bergin,male
Chris_Cooper,male
Lee_Daniels,male
Sienna_Guillory,female
Emile_Hirsch,male
Eric_Balfour,male
Chelsea_Kane,female
Demian_Bichir,male
Lee_Pace,male
Pierce_Brosnan,male
Daveigh_Chase,female
Matt_Damon,male
Tamsin_Egerton,female
Maura_Tierney,female
Daniel_Brühl,male
Chris_Brown,male
Adelaide_Kane,female
Aasif_Mandvi,male
Matthew_Lewis,male
Pamela_Anderson,female
Liam_Hemsworth,male
Mindy_Sterling,female
Hiroyuki_Sanada,male
Leah_Pipes,female
Tony_Shalhoub,male
Henry_Rollins,male
Annabeth_Gish,female
David_Caruso,male
Ali_Cobrin,female
Paula_Patton,female
Chris_Pine,male
Joel_Edgerton,male
Tanya_Roberts,female
Neil_Patrick_Harris,male
Cuba_Gooding_Jr.,male
Lee_Thompson_Young,male
Jessica_Szohr,female
Scott_Eastwood,male
Aziz_Ansari,male
Jennifer_Grey,female
Jamie_Bell,male
Eric_McCormack,male
Deborra-Lee_Furness,female
Bruce_Greenwood,male
J.J._Abrams,male
Jerry_Seinfeld,male
Claudia_Black,female
Jaimie_Alexander,female
Gavin_Hood,male
Luke_Goss,male
Eminem,male
Matthew_McConaughey,male
Paul_Bettany,male
Naya_Rivera,female
Crystal_Reed,female
Clémence_Poésy,female
Nana_Visitor,female
Carrie_Preston,female
Janet_McTeer,female
Wes_Anderson,male
Franka_Potente,female
Alexis_Knapp,female
Ciarán_Hinds,male
Michael_K._Williams,male
Vincent_D'Onofrio,male
Bridgette_Wilson-Sampras,female
John_Barrowman,male
Alice_Eve,female
Billy_Zane,male
Tom_Hardy,male
Allison_Scagliotti,female
Alex_O'Loughlin,male
Emily_Mortimer,female
Mary-Louise_Parker,female
Peter_Stormare,male
Claire_Forlani,female
Harry_Connick_Jr.,male
Anne-Marie_Duff,female
Bree_Olson,female
Krysten_Ritter,female
Juliette_Binoche,female
Emmanuelle_Chriqui,female
Aidan_Gillen,male
Danny_Dyer,male
Debra_Winger,female
Olivia_Munn,female
Dreama_Walker,female
Judy_Greer,female
Caitlin_Stasey,female
Tom_Welling,male
Lily_Cole,female
Hugh_Jackman,male
Dominic_Purcell,male
Deborah_Ann_Woll,female
Michael_B._Jordan,male
Zachary_Quinto,male
Jonathan_Groff,male
Tyra_Banks,female
Stephen_Moyer,male
Delroy_Lindo,male
Ella_Rae_Peck,female
Maria_Conchita_Alonso,female
Isabelle_Huppert,female
Blake_Lively,female
Riki_Lindhome,female
Andrew_McCarthy,male
Jesse_Ventura,male
Aaron_Ashmore,male
Justin_Long,male
Steven_Seagal,male
Milla_Jovovich,female
Kurt_Fuller,male
Joe_Pantoliano,male
Michael_Socha,male
Mike_O'Malley,male
Josh_Peck,male
Kelly_LeBrock,female
Richard_Curtis,male
Jeff_Perry,male
Jon_Favreau,male
Cameron_Diaz,female
James_Wolk,male
Ben_Barnes,male
Helena_Bonham_Carter,female
Sandahl_Bergman,female
Diora_Baird,female
Kristin_Scott_Thomas,female
Nathan_Fillion,male
Daniela_Ruah,female
Cody_Linley,male
Carly_Chaikin,female
Bobcat_Goldthwait,male
Will_Arnett,male
Chris_Tucker,male
Helen_McCrory,female
Christopher_Meloni,male
Minka_Kelly,female
Michael_Paré,male
Tahmoh_Penikett,male
Jennifer_Tilly,female
Tim_Allen,male
Gwyneth_Paltrow,female
Sarah_Paulson,female
John_Malkovich,male
Rob_Lowe,male
Caity_Lotz,female
Jesse_Williams,male
Portia_de_Rossi,female
Selma_Blair,female
Abigail_Spencer,female
Dominic_West,male
Ben_Foster,male
Anna_Torv,female
Grant_Gustin,male
LeVar_Burton,male
David_Hasselhoff,male
Drew_Barrymore,female
Richard_Linklater,male
Bradley_Cooper,male
Matt_Bomer,male
Tiffani_Thiessen,female
Brant_Daugherty,male
Briana_Evigan,female
Matt_Lucas,male
Casper_Van_Dien,male
Arsenio_Hall,male
Jeremy_Sisto,male
Sting,male
Spike_Lee,male
Theo_James,male
Alexandra_Hedison,female
January_Jones,female
Sarah_Chalke,female
Kate_Mulgrew,female
Britney_Spears,female
Ron_Howard,male
Ben_Affleck,male
Charisma_Carpenter,female
Lori_Loughlin,female
Skylar_Astin,male
Brittany_Murphy,female
Martin_Lawrence,male
Ray_Liotta,male
Jason_Mewes,male
Alyssa_Milano,female
Pruitt_Taylor_Vince,male
Jack_Davenport,male
David_Thewlis,male
Kimberly_Williams-Paisley,female
Hamish_Linklater,male
Dianna_Agron,female
Phoebe_Cates,female
Ted_Levine,male
Laura_Ramsey,female
Alexandra_Krosney,female
Sara_Paxton,female
Rodrigo_Santoro,male
Michael_Jeter,male
Desi_Arnaz_Jr.,male
Milo_Ventimiglia,male
John_Turturro,male
Téa_Leoni,female
Iain_Glen,male
Robert_Carradine,male
Kristen_Wiig,female
Alex_D._Linz,male
Timothy_Hutton,male
Robert_Kazinsky,male
Jolene_Blalock,female
Gia_Mantegna,female
Charlie_Sheen,male
Lee_Arenberg,male
Shemar_Moore,male
Jason_George,male
Tom_Hulce,male
Kevin_McNally,male
Natasha_Leggero,female
Jet_Li,male
David_Morrissey,male
Arye_Gross,male
John_Schneider,male
Margo_Harshman,female
Justin_Chambers,male
Crispin_Glover,male
Talia_Balsam,female
Portia_Doubleday,female
Andrew_Lincoln,male
Cary_Elwes,male
Mare_Winningham,female
Richard_Ayoade,male
Mary_Elizabeth_Winstead,female
Scarlett_Johansson,female
Anton_Yelchin,male
Josh_Brolin,male
Lucas_Grabeel,male
Rupert_Friend,male
Jon_Hamm,male
Dennis_Quaid,male
Jonathan_Frakes,male
Nathalie_Emmanuel,female
Jennifer_Love_Hewitt,female
Hunter_Parrish,male
Jesse_Eisenberg,male
Luke_Mitchell,male
Michael_Moore,male
Anna_Kendrick,female
Julie_Benz,female
Robin_Thicke,male
Debra_Jo_Rupp,female
Michael_C._Hall,male
Holly_Hunter,female
JoAnna_Garcia_Swisher,female
Stephen_Graham,male
David_E._Kelley,male
Jacqueline_Obradors,female
Michael_Bay,male
Nia_Peeples,female
Wesley_Snipes,male
Candace_Cameron_Bure,female
Kathleen_Quinlan,female
Freida_Pinto,female
Ally_Walker,female
Elizabeth_Mitchell,female
Jamie_Foxx,male
Forest_Whitaker,male
Luis_Guzmán,male
Ray_Park,male
Ashley_Johnson,female
Chris_Messina,male
Philip_Seymour_Hoffman,male
Katia_Winter,female
Richard_E._Grant,male
Emilia_Clarke,female
Glenne_Headly,female
Louis_C.K.,male
Toni_Collette,female
Jodi_Lyn_O'Keefe,female
Keri_Russell,female
Anson_Mount,male
Emma_Rigby,female
Patricia_Clarkson,female
Bill_Hader,male
Stephen_Root,male
Karen_Gillan,female
Cody_Horn,female
Imelda_Staunton,female
Matthew_Fox,male
Michael_Clarke_Duncan,male
Timothy_Bottoms,male
Jacinda_Barrett,female
Natalie_Martinez,female
Elijah_Wood,male
Brittany_Daniel,female
Misha_Collins,male
Steve_McQueen,male
Alexandra_Maria_Lara,female
Katie_Featherston,female
Léa_Seydoux,female
Anthony_Edwards,male
Denis_O'Hare,male
Ty_Burrell,male
Olivia_d'Abo,female
Claire_Danes,female
Matthew_Gray_Gubler,male
Virginia_Madsen,female
Joss_Whedon,male
Ethan_Coen,male
Emmanuelle_Béart,female
Djimon_Hounsou,male
Joanna_'JoJo'_Levesque,female
Josie_Davis,female
Maggie_Siff,female
Justin_Hartley,male
Danielle_Fishel,female
Courteney_Cox,female
Taran_Killam,male
Tyler_Blackburn,male
Lindsay_Sloane,female
Robbie_Amell,male
Summer_Glau,female
Grey_Damon,male
Emily_VanCamp,female
Tatiana_Maslany,female
Melissa_Leo,male
Christine_Taylor,female
Jay_O._Sanders,male
Amy_Irving,female
Jessica_Brown_Findlay,female
Daniel_Gillies,male
Emily_Rose,female
Mimi_Rogers,female
Emily_Watson,female
Penn_Badgley,male
Renee_Olstead,female
Julie_Gonzalo,female
Paul_Walker,male
Corey_Haim,male
Ethan_Suplee,male
Dev_Patel,male
Jenna_Jameson,female
Jeremy_Piven,male
Daniel_Radcliffe,male
Jamie_Lee_Curtis,female
Natalia_Tena,female
Joseph_Gordon-Levitt,male
Olivia_Williams,female
Tricia_Helfer,female
John_Goodman,male
Mary_Steenburgen,female
Michael_Raymond-James,male
Steven_R._McQueen,male
Joe_Manganiello,male
Keanu_Reeves,male
Debi_Mazar,female
Nicole_Ari_Parker,female
Peter_Horton,male
Jada_Pinkett_Smith,female
James_Lafferty,male
Linda_Cardellini,female
Fergie_Duhamel,female
Sela_Ward,female
Chad_Michael_Murray,male
Brad_Pitt,male
Kiefer_Sutherland,male
Brad_Bird,male
Stana_Katic,female
Allison_Williams,female
Corbin_Bernsen,male
John_Cho,male
Christopher_Nolan,male
Ian_Hart,male
Michael_Angarano,male
Jeffrey_Dean_Morgan,male
Lizzy_Caplan,female
Samantha_Mathis,female
Lacey_Chabert,female
Channing_Tatum,male
Rhys_Wakefield,male
Aneurin_Barnard,male
Clifton_Collins_Jr.,male
Meg_Tilly,female
Colm_Meaney,male
Carey_Lowell,female
Geoffrey_Rush,male
Marton_Csokas,male
Justin_Theroux,male
Sam_J._Jones,male
Anna_Faris,female
Amber_Tamblyn,female
Oliver_Hudson,male
Kelly_Lynch,female
Jena_Malone,female
Matt_Dillon,male
Cristine_Rose,female
Colin_Farrell,male
Steve_Guttenberg,male
Helena_Mattsson,female
Luke_Kleintank,male
Rosie_Huntington-Whiteley,female
Jane_Seymour,female
Daryl_Hannah,female
John_C._Reilly,male
Joanne_Whalley,female
Katherine_Heigl,female
Thomas_Kretschmann,male
Heather_Graham,female
Mary-Kate_Olsen,female
Jennifer_Connelly,female
Dylan_Baker,male
Bill_Fagerbakke,male
Lena_Headey,female
Jack_O'Connell,male
Patricia_Arquette,female
Christine_Woods,female
Gus_Van_Sant,male
Rupert_Everett,male
Jeff_Daniels,male
Beth_Behrs,female
Shah_Rukh_Khan,male
Emma_Thompson,female
Tim_Daly,male
Martha_MacIsaac,female
Carmen_Serano,female
Rebecca_Ferguson,female
Jim_Caviezel,male
Charlie_Day,male
Paul_Haggis,male
Clint_Howard,male
Rashida_Jones,female
Teri_Hatcher,female
James_Pickens_Jr.,male
Camilla_Luddington,female
Jay_Ryan,male
Kevin_Sorbo,male
Josh_Lucas,male
Jonah_Hill,male
Bill_Moseley,male
Ashley_Benson,female
John_C._McGinley,male
Stellan_Skarsgård,male
Annie_Golden,female
Thandie_Newton,female
Hayden_Panettiere,female
Kevin_Durand,male
Peter_Sarsgaard,male
Janine_Turner,female
Kevin_Costner,male
Mary_Elizabeth_Ellis,female
Jenna_Fischer,female
Paul_Rudd,male
Ron_Jeremy,male
Michael_Imperioli,male
Dwayne_Johnson,male
Rachael_Taylor,female
Torrey_DeVitto,female
Paz_Vega,female
Tish_Cyrus,female
Lynn_Whitfield,female
Katie_Findlay,female
Heather_Ripley,female
Winona_Ryder,female
Ron_Livingston,male
Mireille_Enos,female
Amy_Jo_Johnson,female
Marine_Vacth,female
Anna_Popplewell,female
Karl_Urban,male
Zoe_Kazan,female
Stephen_Lang,male
Olivia_Thirlby,female
Jay_Baruchel,male
Colleen_Camp,female
Mandy_Moore,female
Becki_Newton,female
Vince_Gilligan,male
Analeigh_Tipton,female
Kirstie_Alley,female
Sarah_Wright,female
Sophia_Bush,female
Mary_McDonnell,female
Connie_Britton,female
Jurnee_Smollett-Bell,female
Robert_Knepper,male
Christina_Hendricks,female
Nicholle_Tom,female
Jason_Momoa,male
Bryan_Cranston,male
Vince_Vaughn,male
Abby_Elliott,female
Jackie_Chan,male
Mélanie_Laurent,female
Raven-Symoné,female
Katheryn_Winnick,female
Terry_O'Quinn,male
Megan_Fox,female
Corbin_Bleu,male
Saffron_Burrows,female
Ashley_Olsen,female
Stephen_Fry,male
Jason_Bateman,male
Charlize_Theron,female
Don_Cheadle,male
Dot_Jones,female
Heather_Morris,female
Mike_Myers,male
Leighton_Meester,female
Tony_Goldwyn,male
Tim_Burton,male
Jack_Huston,male
Nina_Dobrev,female
Beau_Mirchoff,male
Jemaine_Clement,male
Jim_Cummings,male
Rebecca_Hall,female
Kane_Hodder,male
Peter_Facinelli,male
Keira_Knightley,female
Terry_Crews,male
Mamie_Gummer,female
Alexandra_Breckenridge,female
Henry_Cavill,male
Kevin_McKidd,male
Debra_Messing,female
Taylor_Kitsch,male
Ellen_Page,female
Rob_Zombie,male
Isabella_Rossellini,female
John_Leguizamo,male
Tim_Gunn,male
Bill_Pullman,male
Michael_Madsen,male
Kim_Basinger,female
Roland_Emmerich,male
Kate_Hudson,female
Eamonn_Walker,male
Dana_Delany,female
Hugh_Grant,male
Aidan_Quinn,male
Jean-Claude_Van_Damme,male
Jennifer_Beals,female
Andy_Serkis,male
Julia_Ormond,female
Karine_Vanasse,female
Thomas_Lennon,male
Mia_Wasikowska,female
Josh_Duhamel,male
Catherine_Zeta-Jones,female
Bob_Odenkirk,male
Lea_Michele,female
Shawnee_Smith,female
Peter_MacNicol,male
Margaret_Colin,female
Maggie_Lawson,female
Robert_Zemeckis,male
Charlie_Hunnam,male
Ginnifer_Goodwin,female
Liev_Schreiber,male
Marisa_Tomei,female
Tony_Todd,male
Carla_Gallo,female
Andy_Samberg,male
Nadine_Velazquez,female
Rebecca_Romijn,female
Kim_Dickens,female
Jonathan_Bennett,male
Jennie_Garth,female
Max_Martini,male
Tom_Noonan,male
Katy_Perry,female
Joe_Dempsie,male
Xavier_Samuel,male
Lori_Singer,female
Madeline_Zima,female
Natasha_Richardson,female
Eric_Dane,male
Dane_DeHaan,male
Kenny_Wormald,male
Matt_LeBlanc,male
Alan_Ruck,male
Elisabeth_Moss,male
Lauren_Potter,female
Chris_O'Dowd,male
Julian_Richings,male
Christie_Brinkley,female
Michael_Shannon,male
Lorraine_Bracco,female
Matthew_Modine,male
Daniel_Stern,male
Jeri_Ryan,female
Jeff_Garlin,male
Evan_Peters,male
Kathryn_Hahn,female
Sharon_Osbourne,female
Freddie_Prinze_Jr.,male
Christine_Baranski,female
John_Francis_Daley,male
Eric_Winter,male
Sara_Ramirez,female
Amanda_Seyfried,female
Jessica_Capshaw,female
Colin_O'Donoghue,male
Rihanna,female
Sofía_Vergara,female
Marcia_Gay_Harden,female
Vincent_Cassel,male
Sinéad_O'Connor,female
Leonardo_DiCaprio,male
Jodie_Foster,female
Johnny_Galecki,male
Jason_Lee,male
Kim_Raver,female
Poppy_Montgomery,female
Tom_Kenny,male
Ally_Sheedy,female
Didi_Conn,female
Rachel_Nichols,female
William_Forsythe,male
Ryan_Kwanten,male
Rowan_Atkinson,male
Traci_Lords,female
Heidi_Klum,female
Hilary_Swank,female
Elisabeth_Röhm,female
Matt_Frewer,male
Charlotte_Gainsbourg,female
Lauren_Ambrose,female
Lucy_Punch,female
Michael_Ealy,male
Carrie-Anne_Moss,female
Kyle_Chandler,male
Noomi_Rapace,female
John_Hawkes,male
Gary_Ross,male
Frankie_Muniz,male
Ken_Olin,male
Stephen_Dillane,male
Rachel_Boston,female
Nancy_Travis,female
Billy_Crudup,male
Maria_Bello,female
Matt_Smith,male
Mia_Kirshner,female
Susanna_Thompson,female
Kate_Capshaw,female
Michelle_Williams,female
Kristin_Bauer_van_Straten,female
Daniel_Day-Lewis,male
Scott_Caan,male
Elizabeth_McGovern,male
Thomas_Haden_Church,male
Heather_Locklear,female
Nastassja_Kinski,female
Victor_Webster,male
Christy_Romano,female
Mindy_Robinson,female
Aidan_Turner,male
Nikki_Blonsky,female
Michael_Pitt,male
Parminder_Nagra,female
Sophie_Lowe,female
Rachel_Miner,female
William_Zabka,male
Jessy_Schram,female
Nikki_Reed,female
Frank_Grillo,male
Manu_Bennett,male
Deborah_Kara_Unger,female
Cindy_Morgan,female
Guy_Ritchie,male
Gary_Cole,male
Josh_Radnor,male
Patricia_Heaton,female
Jessica_Lucas,female
Amanda_Setton,female
Benedict_Cumberbatch,male
James_Hetfield,male
Robert_Pattinson,male
Simon_Helberg,male
Luc_Besson,male
Colin_Hanks,male
Zosia_Mamet,female
Antonio_Banderas,male
Drea_de_Matteo,female
Geena_Davis,female
Tori_Black,female
Elizabeth_Daily,female
Nicole_Gale_Anderson,female
Amy_Sedaris,female
Kate_Burton,female
Cameron_Crowe,male
Gina_Carano,female
Ashley_Tisdale,female
Alexander_Skarsgård,male
James_Belushi,male
Emily_Procter,female
Alison_Pill,female
Russell_Brand,male
Robin_Weigert,female
Max_Thieriot,male
Heath_Ledger,male
Ben_Stiller,male
Ray_McKinnon,male
Nikolaj_Coster-Waldau,male
AnnaLynne_McCord,female
Traylor_Howard,female
Bryce_Dallas_Howard,female
Bebe_Neuwirth,female
Jim_Parsons,male
Jon_Heder,male
Matthew_Broderick,male
Chazz_Palminteri,male
Christopher_Mintz-Plasse,male
Tyler_Mane,male
David_Morse,male
Brian_George,male
Paul_Reubens,male
Rachel_Bilson,female
Morena_Baccarin,female
Elisabeth_Shue,female
Kate_Mara,female
Phoebe_Tonkin,female
Shane_West,male
Jake_Lloyd,male
Maiara_Walsh,female
Kelly_Preston,female
Madonna,female
Kevin_Conroy,male
Greta_Gerwig,female
Kim_Kardashian,female
Shannon_Elizabeth,female
Lizzie_Brocheré,female
Elisha_Cuthbert,female
Donatella_Versace,female
Jordana_Brewster,female
Anthony_Mackie,male
Jesse_Plemons,male
Christina_Applegate,female
Dylan_McDermott,male
Chris_O'Donnell,male
Joshua_Bowman,male
Colin_Firth,male
Taylor_Handley,male
Chris_Sanders,male
Patricia_Velasquez,female
Macaulay_Culkin,male
Sean_Hayes,male
Michael_J._Fox,male
Ryan_Phillippe,male
William_Petersen,male
Brendan_Gleeson,male
Sharlto_Copley,male
Ted_McGinley,male
Rae_Dawn_Chong,female
Rachele_Brooke_Smith,female
Rose_Leslie,female
Diego_Boneta,male
Mark_Ruffalo,male
Barry_Pepper,male
Thomas_Dekker,male
Curtis_Armstrong,male
Kat_Dennings,female
Ian_Harding,male
Sean_Murray,male
Ray_Stevenson,male
Cassie_Scerbo,female
Ashley_Williams,female
Joaquin_Phoenix,male
Scott_Gordon-Patterson,male
James_Purefoy,male
James_Gandolfini,male
Lily_Collins,female
Josh_Hartnett,male
Marissa_Ribisi,female
Neve_Campbell,female
Felicity_Jones,female
Ang_Lee,male
H._Jon_Benjamin,male
Rinko_Kikuchi,female
Ray_Romano,male
Jaime_Pressly,female
Jessica_Alba,female
Jennifer_Garner,female
Kate_Beckinsale,female
Jensen_Ackles,male
Melissa_Fumero,female
Sarah_Gadon,female
William_Baldwin,male
Judd_Nelson,male
Patrick_Swayze,male
Vanessa_Lachey,female
Roberto_Benigni,male
Katie_Aselton,female
Bernie_Mac,male
Lana_Parrilla,female
Molly_Ringwald,female
Carmen_Electra,female
John_Krasinski,male
John_Stamos,male
Christopher_Eccleston,male
Quentin_Tarantino,male
Laura_San_Giacomo,female
Cillian_Murphy,male
Dennis_Haysbert,male
Lyndsy_Fonseca,female
Beyoncé_Knowles,female
Kevin_Peter_Hall,male
Tobey_Maguire,male
Pamela_Sue_Martin,female
Jessica_De_Gouw,female
Mickey_Rourke,male
James_Marsden,male
Rob_Schneider,male
Elizabeth_Banks,female
Angie_Harmon,female
Enrico_Colantoni,male
Viola_Davis,female
Eva_Green,female
Kelly_Macdonald,female
Natalie_Portman,female
Jayma_Mays,female
Edward_Norton,male
Kristin_Kreuk,female
Megan_Mullally,female
Ashley_Judd,female
Hugh_Dancy,male
Kar_Wai_Wong,male
Masiela_Lusha,female
Ioan_Gruffudd,male
Isaiah_Washington,male
Marguerite_Moreau,female
Catherine_Bell,female
Vladimir_Kulich,male
Ellen_DeGeneres,female
Wendy_Makkena,female
Ashton_Kutcher,male
Vicki_Lewis,female
Marina_Sirtis,female
Ethan_Embry,male
Will_Smith,male
Mika_Boorem,female
Sandra_Oh,female
Zac_Efron,male
Valeria_Golino,female
Ricky_Gervais,male
Frances_O'Connor,female
Allison_Janney,female
Frances_McDormand,female
Oprah_Winfrey,female
Kathleen_Turner,female
Eric_Christian_Olsen,male
Mark_Pellegrino,male
Benjamin_Bratt,male
Lynda_Carter,female
Lisa_Bonet,female
Michael_Chiklis,male
Giancarlo_Esposito,male
Rosamund_Pike,female
Andie_MacDowell,female
Candice_Accola,female
Jessica_Lowndes,female
Britt_Robertson,female
Cathy_Moriarty,female
Sienna_Miller,female
Diane_Kruger,female
Baz_Luhrmann,male
Alexis_Dziena,female
Bug_Hall,male
Brooklyn_Decker,female
John_Travolta,male
Noureen_DeWulf,female
Alona_Tal,female
Tilda_Swinton,female
Michael_Trevino,male
Juliet_Stevenson,male
Kit_Harington,male
Ryan_Murphy,male
Stephen_Merchant,male
Mike_Vogel,male
Sanaa_Lathan,female
Warwick_Davis,male
Julianne_Hough,female
Adelaide_Clemens,female
Michael_Bowen,male
Norman_Reedus,male
Bellamy_Young,female
Jean_Smart,female
Emmy_Rossum,female
Ralph_Macchio,male
Jared_Leto,male
Rachel_Weisz,female
Joshua_Malina,male
Marg_Helgenberger,female
Tom_Hanks,male
Julia_Sweeney,female
Christine_Elise,female
Mykelti_Williamson,male
Corey_Feldman,male
Bruce_Willis,male
Ryan_Reynolds,male
Adam_Lamberg,male
Kevin_Spacey,male
Richard_Thomas,male
Charles_Baker,male
Anjelica_Huston,female
Doug_Hutchison,male
Jenna_Dewan-Tatum,female
Marlon_Wayans,male
Jere_Burns,male
Drake_Bell,male
Jane_Levy,female
Jim_Carrey,male
Kristen_Connolly,female
Haley_Joel_Osment,male
Adam_Goldberg,male
Michael_Dudikoff,male
Melissa_McBride,female
Michael_Wincott,male
Rhona_Mitra,female
Sam_Rockwell,male
Todd_Bosley,male
Christopher_Cousins,male
Diane_Venora,female
Frances_Fisher,female
Lili_Taylor,female
Mr._T,male
Thora_Birch,female
Larisa_Oleynik,female
Amanda_Crew,female
Dante_Basco,male
Justine_Bateman,female
Jason_Biggs,male
CCH_Pounder,female
Michael_Cera,male
Dominic_Cooper,male
Diane_Lane,female
David_Keith,male
Robert_John_Burke,male
Hugh_Laurie,male
Maureen_McCormick,female
Steven_Soderbergh,male
Jean-Pierre_Jeunet,male
Taylor_Kinney,male
Gary_Sinise,male
Billy_Campbell,male
Julianna_Margulies,female
Leslie_Mann,female
Sibel_Kekilli,female
Camilla_Belle,female
Rory_Culkin,male
Willem_Dafoe,male
Adam_Baldwin,male
Jana_Kramer,female
Brian_Thompson,male
Clea_DuVall,female
Kerry_Washington,female
Lara_Flynn_Boyle,female
Paige_Turco,female
Zach_Braff,male
Hilarie_Burton,female
Elizabeth_Berkley,female
Steve_Carell,male
Zack_Snyder,male
Paul_Wesley,male
Ryan_Hurst,male
Thomas_F._Wilson,male
Alex_Pettyfer,male
Leonor_Varela,female
Zeljko_Ivanek,male
Sarah_Jones,female
Megan_Hilty,female
Edward_Furlong,male
Michael_Fassbender,male
Reese_Witherspoon,female
Ashley_Hinshaw,female
Emma_Watson,female
Margarita_Levieva,female
Denis_Villeneuve,male
Julia_Roberts,female
Audrey_Tautou,female
Shawna_Waldron,female
Isabel_Lucas,female
Stephanie_Leonidas,female
Jessica_Chastain,female
Mariska_Hargitay,female
Liam_Neeson,male
Sam_Taylor-Johnson,female
Amy_Smart,female
Emily_Browning,female
Anna_Paquin,female
Tim_Guinee,male
Meagan_Good,female
Derek_Hough,male
Zach_Roerig,male
Doug_Jones,male
Dermot_Mulroney,male
Leven_Rambin,female
Andrew_Dice_Clay,male
Wendy_Crewson,female
Jake_Gyllenhaal,male
Marla_Sokoloff,female
Mark-Paul_Gosselaar,male
Stephen_Tobolowsky,male
Liv_Tyler,female
Mindy_Kaling,female
Will_Ferrell,male
Jim_Jarmusch,male
Billy_Bob_Thornton,male
Amanda_Plummer,female
Lauren_Socha,female
Paul_Feig,male
Andrew_Divoff,male
Chord_Overstreet,male
Stanley_Tucci,male
Dave_Coulier,male
Clark_Gregg,male
Kyle_MacLachlan,male
William_Fichtner,male
James_Cameron,male
Ashlee_Simpson,female
Patrick_Dempsey,male
Philip_Davis,male
Lucy_Liu,female
Kat_Graham,female
Ken_Watanabe,male
Hans_Zimmer,male
Carey_Mulligan,female
Bruce_Campbell,male
River_Phoenix,male
Peyton_List,female
Emilie_de_Ravin,female
David_Cross,male
Amanda_Bearse,female
Johnny_Lewis,male
Jessica_Stroup,female
Neal_McDonough,male
Bill_Paxton,male
Jonny_Lee_Miller,male
Chloë_Sevigny,female
Michelle_Monaghan,female
Kris_Jenner,female
Rollo_Weeks,male
Taylor_Cole,female
Dakota_Johnson,female
Wayne_Knight,male
Darren_Aronofsky,male
Kevin_Nealon,male
Gary_Oldman,male
Demi_Moore,female
Chris_Hemsworth,male
Rose_McIver,female
Dania_Ramirez,female
Kristen_Bell,female
Jodi_Benson,female
Mary_Elizabeth_Mastrantonio,female
Riley_Keough,female
David_Harewood,male
Fiona_Fullerton,female
Alice_Krige,female
Aaron_Paul,male
Christoph_Waltz,male
Amy_Adams,female
Melissa_McCarthy,female
Sasha_Alexander,female
Jennifer_Lawrence,female
Alexis_Arquette,female
Greg_Evigan,male
Rachael_Leigh_Cook,female
Gail_O'Grady,female
Rose_Byrne,female
Heather_O'Rourke,female
Lesley-Anne_Down,female
Ving_Rhames,male
Alfre_Woodard,female
Christopher_Reeve,male
Daniel_Craig,male
Harvey_Fierstein,male
Talulah_Riley,female
Johnny_Knoxville,male
Arielle_Kebbel,female
Mark_Harmon,male
Titus_Welliver,male
Kyle_Gallner,male
Hayden_Christensen,male
Dina_Meyer,female
Matthew_Macfadyen,male
Salma_Hayek,female
Josh_Holloway,male
Viggo_Mortensen,male
T.R._Knight,male
Emma_Caulfield,female
Wil_Wheaton,male
David_Boreanaz,male
David_Henrie,male
Stephen_Baldwin,male
Eddie_Murphy,male
Tom_Mison,male
Clare_Bowen,female
Diablo_Cody,female
Wendi_McLendon-Covey,female
Erika_Eleniak,female
Daphne_Zuniga,female
Damon_Wayans,male
Felicia_Day,female
Meg_Ryan,female
Steve_Buscemi,male
Edie_McClurg,female
Tommy_Flanagan,male
Elizabeth_Peña,female
Mayim_Bialik,female
Oliver_Platt,male
Margo_Martindale,female
Mia_Sara,female
Jason_Isaacs,male
Jason_Segel,male
Amy_Poehler,female
Amanda_Peet,female
Edie_Falco,female
Kristanna_Loken,female
Jessica_Biel,female
Kaitlin_Olson,female
Cristin_Milioti,female
Tom_Felton,male
Vivica_A._Fox,female
James_Remar,male
Mark_Sheppard,male
Jimmy_Smits,male
Donald_Gibb,male
Hayley_Atwell,female
Evangeline_Lilly,female
Dave_Navarro,male
Steve_Jobs,male
Evan_Rachel_Wood,female
Aisha_Tyler,female
Josh_Dallas,male
Jane_Leeves,female
Anna_Chlumsky,female
Kurt_Russell,male
Richard_Armitage,male
Sarah_Michelle_Gellar,female
Emma_Stone,female
Elsa_Pataky,female
Jason_Flemyng,male
Nicholas_D'Agosto,male
Alan_Tudyk,male
Mark_Hamill,male
Kevin_Pollak,male
Idris_Elba,male
Sasha_Grey,female
Tyler_Hoechlin,male
David_Faustino,male
Sebastian_Stan,male
Ornella_Muti,female
Mary_Stuart_Masterson,female
Cory_Monteith,male
Michelle_Forbes,female
Mads_Mikkelsen,male
Thomas_Brodie-Sangster,male
Robin_Williams,male
Shirley_Henderson,female
Chiwetel_Ejiofor,male
Brenda_Strong,female
Adewale_Akinnuoye-Agbaje,male
Brooke_Shields,female
Craig_Robinson,male
Sara_Canning,female
Amanda_Tapping,female
Kristen_Schaal,female
Kurt_Sutter,male
Dan_Aykroyd,male
Kay_Lenz,female
Eva_Amurri_Martino,female
Edward_Zwick,male
Peter_Dinklage,male
Luke_Wilson,male
Steven_Bauer,male
Jimmy_Fallon,male
Alyson_Hannigan,female
Alex_Kingston,female
Ali_Larter,female
David_Schwimmer,male
Joseph_Mazzello,male
Alfonso_Cuarón,male
Julian_McMahon,male
Rebecca_De_Mornay,female
Patricia_Richardson,female
Edward_Burns,male
Joan_Cusack,female
Lynn_Collins,female
Robert_Downey_Jr.,male
Chace_Crawford,male
Shenae_Grimes,female
Miles_Teller,male
Common,male
Lars_Ulrich,male
Brad_Garrett,male
Miko_Hughes,male
Sam_Raimi,male
Linda_Purl,female
Amanda_Righetti,female
Joan_Allen,female
Adam_Sandler,male
Staci_Keanan,female
Heather_Thomas,female
Paul_Greengrass,male
Danny_Huston,male
Eric_Bana,male
Elizabeth_Perkins,female
Mark_Strong,male
James_Denton,male
Sheri_Moon_Zombie,female
Dan_Castellaneta,male
Robert_Davi,male
Stacy_Keibler,female
Gretchen_Mol,female
Kelsey_Grammer,male
Danneel_Ackles,female
Brenda_Song,female
Ruth_Wilson,female
Jessica_Simpson,female
Donna_Murphy,female
Taylor_Schilling,female
Jeff_Kober,male
Ewan_McGregor,male
Paul_Dano,male
Ari_Graynor,female
Joely_Richardson,female
Christine_Lakin,female
Carice_van_Houten,female
Jason_Clarke,male
Ed_Speleers,male
Jennifer_Ehle,female
Robert_Wisdom,male
Ken_Marino,male
Eddie_Redmayne,male
Kristine_DeBell,female
Fernanda_Machado,female
Lea_Thompson,female
Genesis_Rodriguez,female
Dwight_Yoakam,male
Juno_Temple,female
Ivana_Milicevic,female
James_Badge_Dale,male
Elizabeth_Hurley,female
Jorge_Garcia,male
Sean_Patrick_Flanery,male
Jeremy_Jordan,male
Joseph_Gilgun,male
Ray_Winstone,male
Gina_Gershon,female
Sean_Astin,male
Orlando_Jones,male
Robin_Wright,female
Kevin_Smith,male
Paz_de_la_Huerta,female
David_Krumholtz,male
James_Le_Gros,male
Lorna_Luft,female
Danny_Elfman,male
Suzie_Plakson,female
Kelly_Osbourne,female
Matt_Jones,male
Maggie_Gyllenhaal,female
Christian_Serratos,female
Tate_Donovan,male
Rose_McGowan,female
Jim_Sturgess,male
Ashley_Greene,female
Lake_Bell,female
Angelina_Jolie,female
Natalie_Zea,female
David_Wenham,male
Johanna_Braddy,female
Jenna_Elfman,female
Alice_Braga,female
Avril_Lavigne,female
Sherilyn_Fenn,female
Emily_Deschanel,female
Lori_Petty,female
Amber_Heard,female
Clive_Owen,male
Warren_Kole,male
Stephen_Amell,male
Natascha_McElhone,female
Olivia_Wilde,female
Maggie_Grace,female
Martin_Starr,male
Jude_Law,male
Jemima_West,female
Carol_Kane,female
Jesse_Tyler_Ferguson,male
Joseph_Fiennes,male
Steve_Coogan,male
Cassandra_Peterson,female
Jon_Bon_Jovi,male
Imogen_Poots,female
Seth_Rogen,male
Terry_Farrell,female
Helen_Hunt,female
Nick_Cannon,male
Justin_Timberlake,male
Michael_Schoeffling,male
Aaron_Johnson,male
Michaela_Conlin,female
Lou_Ferrigno,male
Alison_Lohman,female
Connor_Paolo,male
Jamie_Campbell_Bower,male
Matthew_Lillard,male
Rita_Wilson,female
Frank_Darabont,male
Katie_Cassidy,female
Elizabeth_Olsen,female
Lars_von_Trier,male
Robert_Picardo,male
Judd_Apatow,male
Annie_Potts,female
Brie_Larson,female
Marion_Cotillard,female
Jackie_Earle_Haley,male
Julie_Delpy,female
Carla_Gugino,female
Janina_Gavankar,female
Chris_Elliott,male
Madeleine_Stowe,female
Dave_Franco,male
Nicole_'Snooki'_Polizzi,female
Catherine_Hicks,female
Troian_Bellisario,female
Javier_Bardem,male
Chris_Colfer,male
Paget_Brewster,female
Christine_Ebersole,female
Halle_Berry,female
Penelope_Ann_Miller,female
Sarah_Hyland,female
Laura_Linney,female
Christina_Milian,female
Blair_Underwood,male
Monica_Bellucci,female
Jenna_Coleman,female
Fiona_Dourif,female
Theo_Rossi,male
Jake_Thomas,male
Colin_Egglesfield,male
Mark_Boone_Junior,male
Tammin_Sursok,female
James_Wan,male
Miranda_Otto,female
Paige_O'Hara,female
Danica_McKellar,female
Jane_Krakowski,female
Rick_Moranis,male
Peter_Berg,male
Denis_Leary,male
Nick_Offerman,male
Jesse_McCartney,male
Amy_Yasbeck,female
Sarah_Drew,female
Ice-T,male
Pauley_Perrette,female
James_Read,male
Dax_Shepard,male
Peter_Jackson,male
Mandy_Patinkin,male
Sarah_Shahi,female
Billy_Ray_Cyrus,male
Jeffrey_Combs,male
Mira_Sorvino,female
Emilio_Estevez,male
Danny_Boyle,male
Topher_Grace,male
Peter_Krause,male
Kaley_Cuoco,female
Isla_Fisher,female
Alicia_Vikander,female
Jeanne_Tripplehorn,female
Lady_Gaga,female
Jasmine_Guy,female
Robert_Sheehan,male
Travis_Fimmel,male
Woody_Harrelson,male
Tina_Fey,female
Michelle_Yeoh,female
Angela_Bassett,female
Jon_Gries,male
Rekha,female
Kelli_Garner,female
Denise_Crosby,female
Jane_Lynch,female
Robby_Benson,male
Anna_Gunn,female
Megyn_Price,female
Michael_Emerson,male
Kim_Cattrall,female
Eric_Roberts,male
Anthony_Michael_Hall,male
Annette_Bening,female
Cam_Gigandet,male
Sharni_Vinson,female
Jamie_Chung,female
Tiya_Sircar,female
Hanna_Hall,female
Olivia_Hussey,female
Scout_Taylor-Compton,female
Max_Irons,male
Garrett_Hedlund,male
Kelly_Reilly,female
Gabriel_Macht,male
Laura_Harring,female
Diane_Neal,female
Alexis_Bledel,female
Parker_Posey,female
Matt_Lanter,male
Rumer_Willis,female
Lorenzo_Lamas,male
Gregg_Henry,male
Tom_Hiddleston,male
Jeremy_Sumpter,male
Vinessa_Shaw,female
Shohreh_Aghdashloo,female
Hank_Azaria,male
Rachael_Harris,female
Bridget_Moynahan,female
Paul_Giamatti,male
Annabella_Sciorra,female
Scott_Bakula,male
Connie_Nielsen,female
Mila_Kunis,female
Mark_Wahlberg,male
Gabrielle_Anwar,female
Ryan_Gosling,male
Katy_Mixon,female
Kevin_James,male
Pablo_Schreiber,male
Shane_Black,male
Phyllis_Logan,female
Kirsten_Prout,female
Jean-Luc_Bilodeau,male
Roma_Maffia,female
Donnie_Yen,male
Julia_Ann,female
Catherine_Bach,female
Roseanne_Barr,female
M._Night_Shyamalan,male
Gerard_Butler,male
Khloé_Kardashian,female
David_Conrad,male
Andre_Braugher,male
Caleb_Landry_Jones,male
Thomas_Gibson,male
C._Thomas_Howell,male
Jennifer_Coolidge,female
Seth_MacFarlane,male
Nicole_Scherzinger,female
James_Franco,male
Rene_Russo,female
Nathan_Lane,male
Barbara_Niven,female
Tina_Majorino,female
Joshua_Jackson,male
Sara_Rue,female
Joel_Kinnaman,male
Liam_Aiken,male
Paul_Thomas_Anderson,male
Lucy_Lawless,female
Lauren_Cohan,female
Giovanni_Ribisi,male
Seth_Green,male
Christopher_McDonald,male
Melanie_Griffith,female
Spike_Jonze,male
Beth_Broderick,female
Claire_Holt,female
Bill_Condon,male
Lana_Wachowski,female
Mark_Addy,male
Margot_Robbie,female
A.J._Cook,female
Zach_Galifianakis,male
Larry_Miller,male
Rhys_Ifans,male
Sam_Worthington,male
Cate_Blanchett,female
Wendy_Schaal,female
Jon_Stewart,male
Steve_Howey,male
Ralph_Fiennes,male
Burn_Gorman,male
Piper_Perabo,female
Dana_Carvey,male
Billy_Burke,male
Sandra_Bullock,female
James_McAvoy,male
Max_Greenfield,male
Katie_Holmes,female
Emily_Blunt,female
Henry_Thomas,male
Laura_Fraser,female
Leelee_Sobieski,female
Linda_Fiorentino,female
Andy_Garcia,male
Xander_Berkeley,male
Shawn_Ashmore,male
Naomie_Harris,female
Eli_Roth,male
Leah_Remini,female
Charlie_McDermott,male
Sean_Penn,male
Jared_Padalecki,male
John_McTiernan,male
Malin_Akerman,female
Robin_Tunney,female
Anthony_Head,male
Arliss_Howard,male
Taraji_P._Henson,female
Matthew_Goode,male
Julian_Sands,male
Bradley_Whitford,male
Martin_Freeman,male
James_Van_Der_Beek,male
Radha_Mitchell,female
Christian_Bale,male
Eva_La_Rue,female
Beverly_D'Angelo,female
Hulk_Hogan,male
Lucas_Black,male
Rosario_Dawson,female
Charlotte_Sullivan,female
Joan_Severance,female
Michael_Jai_White,male
Asia_Argento,female
Yvonne_Strahovski,female
LL_Cool_J,male
Emmanuelle_Seigner,female
Gabourey_Sidibe,female
Cheryl_Ladd,female
Kevin_Zegers,male
Olga_Kurylenko,female
Matt_Prokop,male
Greta_Scacchi,female
Tracy_Pollan,female
Lisa_Kudrow,female
J.K._Simmons,male
Julia_Stiles,female
Boris_Kodjoe,male
Rachelle_Lefevre,female
Minnie_Driver,female
Robert_Carlyle,male
Uma_Thurman,female
Zoe_Saldana,female
Peter_Mullan,male
Hugh_Bonneville,male
Arnold_Vosloo,male
Vanessa_Hudgens,female
Maya_Rudolph,female
Michael_Nyqvist,male
Michael_Biehn,male
Danielle_Panabaker,female
Adrianne_Palicki,female
Billie_Piper,female
Ellen_Barkin,female
Monica_Raymund,female
John_Corbett,male
Anna_Camp,female
Ellen_Pompeo,female
Jeremy_Renner,male
Chris_Noth,male
Alison_Brie,female
Reed_Diamond,male
Greg_Kinnear,male
Christopher_Lambert,male
Zooey_Deschanel,female
Simon_Baker,male
Reba_McEntire,female
Shannon_Woodward,female
Cole_Hauser,male
Dean_Winters,male
Alfred_Molina,male
Annette_O'Toole,female
Roselyn_Sanchez,female
Shia_LaBeouf,male
Patrick_Warburton,male
Raymond_Cruz,male
Bill_Skarsgård,male
Sonya_Walger,female
Michelle_Trachtenberg,female
Timothy_Olyphant,male
Carrie_Fisher,female
David_Patrick_Kelly,male
Casey_Affleck,male
Max_Minghella,male
Frances_Conroy,female
Jonathan_Rhys_Meyers,male
Michael_Cerveris,male
DJ_Qualls,male
Naveen_Andrews,male
Ed_Westwick,male
John_Slattery,male
Shannyn_Sossamon,female
Sean_Young,female
Lisa_Ann_Walter,female
Gemma_Chan,female
Danielle_Harris,female
Aishwarya_Rai_Bachchan,female
Kristy_Swanson,female
Cote_de_Pablo,female
Sara_Gilbert,female
Sean_Bean,male
Kevin_Bacon,male
Scott_Baio,male
Howard_Stern,male
Kristen_Stewart,female
Jami_Gertz,female
David_Zayas,male
Jared_Harris,male
Ned_Luke,male
Lennie_James,male
Jennifer_Esposito,female
Colm_Feore,male
Melissa_George,female
Lisa_Edelstein,female
Lindsay_Lohan,female
Lindy_Booth,female
Celina_Jade,female
Jackson_Rathbone,male
Ross_Bagley,male
Marilu_Henner,female
Michael_Dorn,male
Sam_Claflin,male
Bob_Saget,male
Anne_Heche,female
Eric_Stonestreet,male
Marley_Shelton,female
Q'orianka_Kilcher,female
Bruno_Mars,male
Donal_Logue,male
Stephen_Dorff,male
Mitch_Pileggi,male
Jaime_Murray,female
Chuck_Lorre,male
Jon_Lovitz,male
David_Fincher,male
Charles_Martin_Smith,male
Meghan_Ory,female
Eva_Longoria,female
Andrea_Riseborough,female
50_Cent,male
Steve_Zahn,male
Tia_Carrere,female
Moon_Bloodgood,female
David_O._Russell,male
Aimee_Teegarden,female
Jenny_Agutter,female
Abbie_Cornish,female
Kevin_McHale,male
Rosie_Perez,female
Steven_Michael_Quezada,male
Kevin_Hart,male
Jennifer_Carpenter,female
Justin_Bartha,male
